1;10000003;CIÊNCIAS EXATAS E DA TERRA
2;10100008;MATEMÁTICA
3;10101004;ALGEBRA
4;10101012;CONJUNTOS
5;10101020;LÓGICA MATEMÁTICA
6;10101039;TEORIA DOS NÚMEROS
7;10101047;GRUPO DE ÁLGEBRA NÃO-COMUTATIVA
8;10101055;ÁLGEBRA COMUTATIVA
9;10101063;GEOMETRIA ALGÉBRICA
10;10102000;ANÁLISE
11;10102019;ANÁLISE COMPLEXA
12;10102027;ANÁLISE FUNCIONAL
13;10102035;ANÁLISE FUNCIONAL NÃO-LINEAR
14;10102043;EQUAÇÕES DIFERENCIAIS ORDINÁRIAS
15;10102051;EQUAÇÕES DIFERENCIAIS PARCIAIS
16;10102060;EQUAÇÕES DIFERENCIAIS FUNCIONAIS
17;10103007;GEOMETRIA E TOPOLOGIA
18;10103015;GEOMETRIA DIFERÊNCIAL
19;10103023;TOPOLOGIA ALGÉBRICA
20;10103031;TOPOLOGIA DAS VARIEDADES
21;10103040;SISTEMAS DINÂMICOS
22;10103058;TEORIA DAS SINGULARIDADES E TEORIA DAS CATÁSTROFES
23;10103066;TEORIA DAS FOLHEAÇÕES
24;10104003;MATEMÁTICA APLICADA
25;10104011;FÍSICA MATEMÁTICA
26;10104020;ANÁLISE NUMÉRICA
27;10104038;MATEMÁTICA DISCRETA E COMBINATÓRIA
28;10200002;PROBABILIDADE E ESTATÍSTICA
29;10201017;TEORIA GERAL E FUNDAMENTOS DA PROBABILIDADE
30;10201025;TEORIA GERAL E PROCESSOS ESTOCÁSTICOS
31;10201033;TEOREMAS DE LIMITE
32;10201041;PROCESSOS MARKOVIANOS
33;10201050;ANÁLISE ESTOCÁSTICA
34;10201068;PROCESSOS ESTOCÁSTICOS ESPECIAIS
35;10202005;ESTATÍSTICA
36;10202013;FUNDAMENTOS DA ESTATÍSTICA
37;10202021;INFERÊNCIA PARAMÉTRICA
38;10202030;INFERÊNCIA NÃO-PARAMÉTRICA
39;10202048;INFERÊNCIA EM PROCESSOS ESTOCÁSTICOS
40;10202056;ANÁLISE MULTIVARIADA
41;10202064;REGRESSÃO E CORRELAÇÃO
42;10202072;PLANEJAMENTO DE EXPERIMENTOS
43;10202080;ANÁLISE DE DADOS
44;10203001;PROBABILIDADE E ESTATÍSTICA APLICADAS
45;10300007;CIÊNCIA DA COMPUTAÇÃO
46;10301003;TEORIA DA COMPUTAÇÃO
47;10301011;COMPUTABILIDADE E MODELOS DE COMPUTAÇÃO
48;10301020;LINGUAGEM FORMAIS E AUTÔMATOS
49;10301038;ANÁLISE DE ALGORÍTMOS E COMPLEXIDADE DE COMPUTAÇÃO
50;10301046;LÓGICAS E SEMÂNTICA DE PROGRAMAS
51;10302000;MATEMÁTICA DA COMPUTAÇÃO
52;10302018;MATEMÁTICA SIMBÓLICA
53;10302026;MODELOS ANALÍTICOS E DE SIMULAÇÃO
54;10303006;METODOLOGIA E TÉCNICAS DA COMPUTAÇÃO
55;10303014;LINGUAGENS DE PROGRAMAÇÃO
56;10303022;ENGENHARIA DE SOFTWARE
57;10303030;BANCO DE DADOS
58;10303049;SISTEMAS DE INFORMAÇÃO
59;10303057;PROCESSAMENTO GRÁFICO (GRAPHICS)
60;10304002;SISTEMA DE COMPUTAÇÃO
61;10304010;HARDWARE
62;10304029;ARQUITETURA DE SISTEMAS DE COMPUTAÇÃO
63;10304037;SOFTWARE BÁSICO
64;10304045;TELEINFORMÁTICA
65;10400001;ASTRONOMIA
66;10401008;ASTRONOMIA DE POSIÇÃO E MECÂNICA CELESTE
67;10401016;ASTRONOMIA FUNDAMENTAL
68;10401024;ASTRONOMIA DINÂMICA
69;10402004;ASTROFÍSICA ESTELAR
70;10403000;ASTROFÍSICA DO MEIO INTERESTELAR
71;10403019;MEIO INTERESTELAR
72;10403027;NEBULOSA
73;10404007;ASTROFÍSICA EXTRAGALÁTICA
74;10404015;GALÁXIAS
75;10404023;AGLOMERADOS DE GALÁXIAS
76;10404031;QUASARES
77;10404040;COSMOLOGIA
78;10405003;ASTROFÍSICA DO SISTEMA SOLAR
79;10405011;FÍSICA SOLAR
80;10405020;MOVIMENTO DA TERRA
81;10405038;SISTEMA PLANETÁRIO
82;10406000;INSTRUMENTAÇÃO ASTRONÔMICA
83;10406018;ASTRONOMIA ÓTICA
84;10406026;RADIOASTRONOMIA
85;10406034;ASTRONOMIA ESPACIAL
86;10406042;PROCESSAMENTO DE DADOS ASTRONÔMICOS
87;10500006;FÍSICA
88;10501002;FÍSICA GERAL
89;10501010;MÉTODOS MATEMÁTICOS DA FÍSICA
90;10501029;FÍSICA CLÁSSICA E FÍSICA QUÂNTICA MECÂNICA E CAMPOS
91;10501037;RELATIVIDADE E GRAVITAÇÃO
92;10501045;FÍSICA ESTATÍSTICA E TERMODINÂMICA
93;10501053;METROLOGIA, TECN. GER. DE LAB. E SIST. DE INSTRUMENTAÇÃO
94;10501061;INSTRUMENTAÇÃO ESPECÍFICA DE USO GERAL EM FÍSICA
95;10502009;ÁREAS CLÁSSICAS DE FENOMENOLOGIA E SUAS APLICAÇÕES
96;10502017;ELETRICIDADE E MAGNETISMOCAMPOS E PARTÍCULAS CARREGADAS
97;10502025;ÓTICA
98;10502033;ACÚSTICA
99;10502041;TRANSFERÊNCIA DE CALORPROCESSOS TÉRMICOS E TERMODINÂMICOS
100;10502050;MECÂNICA, ELASTICIDADE E REOLOGIA
101;10502068;DINÂMICA DOS FLUIDOS
102;10503005;FÍSICA DAS PARTÍCULAS ELEMENTARES E CAMPOS
103;10503013;TEORIA GERAL DE PARTÍCULAS E CAMPOS
104;10503021;TEOR.ESP.E MOD.DE INTERAÇÃO SIST.DE PARTÍCULAS R.CÓSMICOS
105;10503030;REAÇÕES ESPECÍFICAS E FENOMIOLOGIA DE PARTÍCULAS
106;10503048;PROPRIEDADES DE PARTÍCULAS ESPECÍFICAS E RESSONÂNCIAS
107;10504001;FÍSICA NUCLEAR
108;10504010;ESTRUTURA NUCLEAR
109;10504028;DESINTEGRAÇÃO NUCLEAR E RADIOATIVIDADE
110;10504036;REAÇÕES NUCLEARES E ESPALHAMENTO GERAL
111;10504044;REAÇÕES NUCLEARES E ESPALHAMENTO (REAÇÕES ESPECÍFICAS)
112;10504052;PROPRIEDADES DE NÚCLEOS ESPECÍFICOS
113;10504060;MET.EXPER.E INSTRUMENT.PARA PART.ELEMENT.E FÍSICA NUCLEAR
114;10505008;FÍSICA ATÔMICA E MOLECULAR
115;10505016;ESTRUTURA ELETRÔNICA DE ÁTOMOS E MOLÉCULASTEORIA
116;10505024;ESPECTROS ATÔMICOS E INTEGRAÇÃO DE FÓTONS
117;10505032;ESPECTROS MOLECUL. E INTERAÇÕES DE FÓTONS COM MOLÉCULAS
118;10505040;PROCESSOS DE COLISÃO E INTERAÇÕES DE ÁTOMOS E MOLÉCULAS
119;10505059;INF.SOB.ATOM.E MOL.OBIT.EXPERIMENTALMENTEINST.E TÉCNICAS
120;10505067;ESTUDOS DE ÁTOMOS E MOLÉCULAS ESPECIAIS
121;10506004;FÍSICA DOS FLÚIDOS, FÍSICA DE PLASMAS E DESCARGAS ELÉTRICAS
122;10506012;CINÉTICA E TEOR.DE TRANSP.DE FLÚIDOSPROPRIED.FIS.DE GASES
123;10506020;FÍSICA DE PLASMAS E DESCARGAS ELÉTRICAS
124;10507000;FÍSICA DA MATÉRIA CONDENSADA
125;10507019;ESTRUTURA DE LÍQUIDOS E SÓLIDOSCRISTALOGRAFIA
126;10507027;PROPRIEDADES MECÂNICAS E ACÚSTICAS DA MATÉRIA CONDENSADA
127;10507035;DINÂMICA DA REDE E ESTATÍSTICA DE CRISTAIS
128;10507043;EQUAÇÃO DE ESTADO, EQUILIB. DE FASES E TRANSIÇÕES DE FASES
129;10507051;PROPRIEDADES TÉRMICAS DA MATÉRIA CONDENSADA
130;10507060;PROPRIEDADES DE TRANSP.DE MATÉRIA COND. (NÃO ELETRÔNICAS)
131;10507078;CAMPOS QUÂNTICOS E SÓLIDOS, HÉLIO, LÍQUIDO, SÓLIDO
132;10507086;SUPERFÍCIES E INTERFACESPELÍCULAS E FILAMENTOS
133;10507094;ESTADOS ELETRÔNICOS
134;10507108;TRANSP.ELETR.E PROPR.ELET.DE SUPERFÍCIESINTERF.E PELÍCULAS
135;10507116;ESTRUT.ELETR.E PROPR.ELET.DE SUPERFÍCIESINTERF.E PELÍCULAS
136;10507124;SUPERCONDUTIVIDADE
137;10507132;MATERIAIS MAGNÉTICOS E PROPRIEDADES MAGNÉTICAS
138;10507140;RESS.MAGN. REL.MAT.COND.EFEIT.MOSBAUERCORR.ANG.PERTUBADA
139;10507159;MATERIAIS DIELÉTRICOS E PROPRIEDADES DIELÉTRICAS
140;10507167;PROP.OTIC.E ESPEC.MATR.COND.OUTRAS INTER.MAT.COM RAD.PART.
141;10507175;EMISSÃO ELETRON.E IÔNICA POR LIQ.E SÓLIDOSFENOM.DE IMPACTO
142;10600000;QUÍMICA
143;10601007;QUÍMICA ORGÂNICA
144;10601015;ESTRUTURA, CONFORMAÇÃO E ESTEREOQUÍMICA
145;10601023;SÍNTESE ORGÂNICA
146;10601031;FÍSICO-QUÍMICA ORGÂNICA
147;10601040;FOTOQUÍMICA ORGÂNICA
148;10601058;QUÍMICA DOS PRODUTOS NATURAIS
149;10601066;EVOLUÇÃO, SISTEMÁTICA E ECOLOGIA QUÍMICA
150;10601074;POLÍMEROS E COLÓIDES
151;10602003;QUÍMICA INORGÂNICA
152;10602011;CAMPOS DE COORDENAÇÃO
153;10602020;NÃO-METAIS E SEUS COMPOSTOS
154;10602038;COMPOSTOS ORGANO-METÁLICOS
155;10602046;DETERMINAÇÃO DE ESTRUTURAS DE COMPOSTOS INORGÂNICOS
156;10602054;FOTO-QUÍMICA INORGÂNICA
157;10602062;FÍSICO QUÍMICA INORGÂNICA
158;10602070;QUÍMICA BIO-INORGÂNICA
159;10603000;FÍSICO-QUÍMICA
160;10603018;CINÉTICA QUÍMICA E CATALISE
161;10603026;ELETROQUÍMICA
162;10603034;ESPECTROSCOPIA
163;10603042;QUÍMICA DE INTERFACES
164;10603050;QUÍMICA DO ESTADO CONDENSADO
165;10603069;QUÍMICA NÚCLEAR E RADIOQUÍMICA
166;10603077;QUÍMICA TEÓRICA
167;10603085;TERMODINÂMICA QUÍMICA
168;10604006;QUÍMICA ANALÍTICA
169;10604014;SEPARAÇÃO
170;10604022;MÉTODOS ÓTICOS DE ANÁLISE
171;10604030;ELETROANALÍTICA
172;10604049;GRAVIMETRIA
173;10604057;TITIMETRIA
174;10604065;INSTRUMENTAÇÃO ANALÍTICA
175;10604073;ANÁLISE DE TRAÇOS E QUÍMICA AMBIENTAL
176;10700005;GEOCIÊNCIAS
177;10701001;GEOLOGIA
178;10701010;MINERALOGIA
179;10701028;PETROLOGIA
180;10701036;GEOQUÍMICA
181;10701044;GEOLOGIA REGIONAL
182;10701052;GEOTECTÔNICA
183;10701060;GEOCRONOLOGIA
184;10701079;CARTOGRAFIA GEOLÓGICA
185;10701087;METALOGENIA
186;10701095;HIDROGEOLOGIA
187;10701109;PROSPECÇÃO MINERAL
188;10701117;SEDIMENTOLOGIA
189;10701125;PALEONTOLOGIA ESTRATIGRÁFICA
190;10701133;ESTRATIGRAFIA
191;10701141;GEOLOGIA AMBIENTAL
192;10702008;GEOFÍSICA
193;10702016;GEOMAGNETISMO
194;10702024;SISMOLOGIA
195;10702032;GEOTERMIA E FLUXO TÉRMICO
196;10702040;PROPRIEDADES FÍSICAS DAS ROCHAS
197;10702059;GEOFÍSICA NUCLEAR
198;10702067;SENSORIAMENTO REMOTO
199;10702075;AERONOMIA
200;10702083;DESENVOLVIMENTO DE INSTRUMENTAÇÃO GEOFÍSICA
201;10702091;GEOFÍSICA APLICADA
202;10702105;GRAVIMETRIA
203;10703004;METEOROLOGIA
204;10703012;METEOROLOGIA DINÂMICA
205;10703020;METEOROLOGIA SINÓTICA
206;10703039;METEOROLOGIA FÍSICA
207;10703047;QUÍMICA DA ATMOSFERA
208;10703055;INSTRUMENTAÇÃO METEOROLÓGICA
209;10703063;CLIMATOLOGIA
210;10703071;MICROMETEOROLOGIA
211;10703080;SENSORIAMENTO REMOTO DA ATMOSFERA
212;10703098;METEOROLOGIA APLICADA
213;10704000;GEODÉSIA
214;10704019;GEODÉSIA FÍSICA
215;10704027;GEODÉSIA GEOMÉTRICA
216;10704035;GEODÉSIA CELESTE
217;10704043;FOTOGRAMETRIA
218;10704051;CARTOGRAFIA BÁSICA
219;10705007;GEOGRAFIA FÍSICA
220;10705015;GEOMORFOLOGIA
221;10705023;CLIMATOLOGIA GEOGRÁFICA
222;10705031;PEDOLOGIA
223;10705040;HIDROGEOGRAFIA
224;10705058;GEOECOLOGIA
225;10705066;FOTOGEOGRAFIA (FÍSICO-ECOLÓGICA)
226;10705074;GEOCARTOGRAFIA
227;10802002;OCEANOGRAFIA FÍSICA
228;10802010;VARIÁVEIS FÍSICAS DA ÁGUA DO MAR
229;10802029;MOVIMENTO DA ÁGUA DO MAR
230;10802037;ORIGEM DAS MASSAS DE ÁGUA
231;10802045;INTERAÇÃO DO OCEANO COM O LEITO DO MAR
232;10802053;INTERAÇÃO DO OCEANO COM A ATMOSFERA
233;10803009;OCEANOGRAFIA QUÍMICA
234;10803017;PROPRIEDADES QUÍMICAS DA ÁGUA DO MAR
235;10803025;INTER.QUÍM.-BIOL./GEOL.DAS SUBST. QUIM.DA ÁGUA DO MAR
236;10804005;OCEANOGRAFIA GEOLÓGICA
237;10804013;GEOMORFOLOGIA SUBMARINA
238;10804021;SEDIMENTOLOGIA MARINHA
239;10804030;GEOFÍSICA MARINHA
240;10804048;GEOQUÍMICA MARINHA
241;20000006;CIÊNCIAS BIOLÓGICAS
242;20100000;BIOLOGIA GERAL
243;20200005;GENÉTICA
244;20201001;GENÉTICA QUANTITATIVA
245;20202008;GENÉTICA MOLECULAR E DE MICROORGANISMOS
246;20203004;GENÉTICA VEGETAL
247;20204000;GENÉTICA ANIMAL
248;20205007;GENÉTICA HUMANA E MÉDICA
249;20206003;MUTAGENESE
250;20600003;MORFOLOGIA
251;20601000;CITOLOGIA E BIOLOGIA CELULAR
252;20602006;EMBRIOLOGIA
253;20603002;HISTOLOGIA
254;20604009;ANATOMIA
255;20604017;ANATOMIA HUMANA
256;20604025;ANATOMIA ANIMAL
257;20700008;FISIOLOGIA
258;20701004;FISIOLOGIA GERAL
259;20702000;FISIOLOGIA DOS ÓRGÃOS E SISTEMAS
260;20702019;NEUROFISIOLOGIA
261;20702027;FISIOLOGIA CARDIOVASCULAR
262;20702035;FISIOLOGIA DA RESPIRAÇÃO
263;20702043;FISIOLOGIA RENAL
264;20702051;FISIOLOGIA ENDÓCRINA
265;20702060;FISIOLOGIA DA DIGESTÃO
266;20702078;CINESIOLOGIA
267;20703007;FISIOLOGIA DO ESFORÇO
268;20704003;FISIOLOGIA COMPARADA
269;20800002;BIOQUÍMICA
270;20801009;QUÍMICA DE MACROMOLÉCULAS
271;20801017;PROTEÍNAS
272;20801025;LIPÍDEOS
273;20801033;GLICÍDEOS
274;20802005;BIOQUÍMICA DOS MICROORGANISMOS
275;20803001;METABOLISMO E BIOENERGÉTICA
276;20804008;BIOLOGIA MOLECULAR
277;20805004;ENZIMOLOGIA
278;20900007;BIOFÍSICA
279;20901003;BIOFÍSICA MOLECULAR
280;20902000;BIOFÍSICA CELULAR
281;20903006;BIOFÍSICA DE PROCESSOS E SISTEMAS
282;20904002;RADIOLOGIA E FOTOBIOLOGIA
283;21000000;FARMACOLOGIA
284;21001006;FARMACOLOGIA GERAL
285;21001014;FARMACOCINÉTICA
286;21001022;BIODISPONIBILIDADE
287;21002002;FARMACOLOGIA AUTONÔMICA
288;21003009;NEUROPSICOFARMACOLOGIA
289;21004005;FARMACOLOGIA CARDIORENAL
290;21005001;FARMACOLOGIA BIOQUIMICA E MOLECULAR
291;21006008;ETNOFARMACOLOGIA
292;21007004;TOXICOLOGIA
293;21008000;FARMACOLOGIA CLÍNICA
294;21100004;IMUNOLOGIA
295;21101000;IMUNOQUÍMICA
296;21102007;IMUNOLOGIA CELULAR
297;21103003;IMUNOGENÉTICA
298;21104000;IMUNOLOGIA APLICADA
299;21200009;MICROBIOLOGIA
300;21201005;BIOLOGIA E FISIOLOGIA DOS MICROORGANISMOS
301;21201013;VIROLOGIA
302;21201021;BACTERIOLOGIA
303;21201030;MICOLOGIA
304;21202001;MICROBIOLOGIA APLICADA
305;21202010;MICROBIOLOGIA MÉDICA
306;21202028;MICROBIOLOGIA INDUSTRIAL E DE FERMENTAÇÃO
307;21300003;PARASITOLOGIA
308;21301000;PROTOZOOLOGIA DE PARASITOS
309;21301018;PROTOZOOLOGIA PARASITÁRIA HUMANA
310;21301026;PROTOZOOLOGIA PARASITÁRIA ANIMAL
311;21302006;HELMINTOLOGIA DE PARASITOS
312;21302014;HELMINTOLOGIA HUMANA
313;21302022;HELMINTOLOGIA ANIMAL
314;21303002;ENTOMOLOGIA E MALACOLOGIA DE PARASITOS E VETORES
315;20501005;ECOLOGIA TEÓRICA
316;20502001;ECOLOGIA DE ECOSSISTEMAS
317;20503008;ECOLOGIA APLICADA
318;10800000;OCEANOGRAFIA
319;10801006;OCEANOGRAFIA BIOLÓGICA
320;10801014;INTER.ENTRE OS ORGAN.MARINHOS E OS PARÂMETROS AMBIENTAIS
321;20300000;BOTÂNICA
322;20301006;PALEOBOTÂNICA
323;20302002;MORFOLOGIA VEGETAL
324;20302010;MORFOLOGIA EXTERNA
325;20302029;CITOLOGIA VEGETAL
326;20302037;ANATOMIA VEGETAL
327;20302045;PALINOLOGIA
328;20303009;FISIOLOGIA VEGETAL
329;20303017;NUTRIÇÃO E CRESCIMENTO VEGETAL
330;20303025;REPRODUÇÃO VEGETAL
331;20303033;ECOFISIOLOGIA VEGETAL
332;20304005;TAXONOMIA VEGETAL
333;20304013;TAXONOMIA DE CRIPTÓGAMOS
334;20304021;TAXONOMIA DE FANEROGAMOS
335;20305001;FITOGEOGRAFIA
336;20306008;BOTÂNICA APLICADA
337;20400004;ZOOLOGIA
338;20401000;PALEOZOOLOGIA
339;20402007;MORFOLOGIA DOS GRUPOS RECENTES
340;20403003;FISIOLOGIA DOS GRUPOS RECENTES
341;20404000;COMPORTAMENTO ANIMAL
342;20405006;TAXONOMIA DOS GRUPOS RECENTES
343;20406002;ZOOLOGIA APLICADA
344;20406010;CONSERVAÇÃO DAS ESPÉCIES ANIMAIS
345;20406029;UTILIZAÇÃO DOS ANIMAIS
346;20406037;CONTROLE POPULACIONAL DE ANIMAIS
347;30000009;ENGENHARIAS
348;30100003;ENGENHARIA CIVIL
349;30101000;CONSTRUÇÃO CIVIL
350;30101018;MATERIAIS E COMPONENTES DE CONSTRUÇÃO
351;30101026;PROCESSOS CONSTRUTIVOS
352;30101034;INSTALAÇÕES PREDIAIS
353;30102006;ESTRUTURAS
354;30102014;ESTRUTURAS DE CONCRETO
355;30102022;ESTRUTURAS DE MADEIRAS
356;30102030;ESTRUTURAS METÁLICAS
357;30102049;MECÂNICA DAS ESTRUTURAS
358;30103002;GEOTÉCNICA
359;30103010;FUNDAÇÕES E ESCAVAÇÕES
360;30103029;MECÂNICAS DAS ROCHAS
361;30103037;MECÂNICA DOS SOLOS
362;30103045;OBRAS DE TERRA E ENROCAMENTO
363;30103053;PAVIMENTOS
364;30104009;ENGENHARIA HIDRÁULICA
365;30104017;HIDRÁULICA
366;30104025;HIDROLOGIA
367;30105005;INFRA-ESTRUTURA DE TRANSPORTES
368;30105013;AEROPORTOSPROJETO E CONSTRUÇÃO
369;30105021;FERROVIASPROJETOS E CONSTRUÇÃO
370;30105030;PORTOS E VIAS NAVEGÁVEISPROJETO E CONSTRUÇÃO
371;30105048;RODOVIASPROJETO E CONSTRUÇÃO
372;30700000;ENGENHARIA SANITÁRIA
373;30701007;RECURSOS HÍDRICOS
374;30701015;PLANEJAMENTO INTEGRADO DOS RECURSOS HÍDRICOS
375;30701023;TECNOLOGIA E PROBLEMAS SANITÁRIOS DE IRRIGAÇÃO
376;30701031;ÁGUAS SUBTERRÂNEAS E POÇOS PROFUNDOS
377;30701040;CONTROLE DE ENCHENTES E DE BARRAGENS
378;30701058;SEDIMENTOLOGIA
379;30702003;TRATAMENTO DE ÁGUAS DE ABASTECIMENTO E RESIDUÁRIAS
380;30702011;QUÍMICA SANITÁRIA
381;30702020;PROCESSOS SIMPLIFICADOS DE TRATAMENTO DE ÁGUAS
382;30702038;TÉCNICAS CONVENCIONAIS DE TRATAMENTO DE ÁGUAS
383;30702046;TÉCNICAS AVANÇADAS DE TRATAMENTO DE ÁGUAS
384;30702054;ESTUDOS E CARACTERIZAÇÃO DE EFLUENTES INDUSTRIAIS
385;30702062;LAY OUT DE PROCESSOS INDUSTRIAIS
386;30702070;RESÍDUOS RADIOATIVOS
387;30702078;TÉCNICAS CONVENCIONAIS DE TRATAMENTO DE ÁGUAS
388;30703000;SANEAMENTO BÁSICO
389;30703018;TÉCNICAS DE ABASTECIMENTO DA ÁGUA
390;30703026;DRENAGEM DE ÁGUAS RESIDUÁRIAS
391;30703034;DRENAGEM URBANA DE ÁGUAS PLUVIAIS
392;30703042;RESÍDUOS SÓLIDOS, DOMÉSTICOS E INDUSTRIAIS
393;30703050;LIMPEZA PÚBLICA
394;30703069;INSTALAÇÕES HIDRÁULICO-SANITÁRIAS
395;30704006;SANEAMENTO AMBIENTAL
396;30704014;ECOLOGIA APLICADA À ENGENHARIA SANITÁRIA
397;30704022;MICROBIOLOGIA APLICADA E ENGENHARIA SANITÁRIA
398;30704030;PARASITOLOGIA APLICADA À ENGENHARIA SANITÁRIA
399;30704049;QUALIDADE DO AR, DAS ÁGUAS E DO SOLO
400;30704057;CONTROLE DA POLUIÇÃO
401;30704065;LEGISLAÇÃO AMBIENTAL
402;31000002;ENGENHARIA DE TRANSPORTES
403;31001009;PLANEJAMENTO DE TRANSPORTES
404;31001017;PLANEJAMENTO E ORGANIZAÇÃO DO SISTEMA DE TRANSPORTE
405;31001025;ECONOMIA DOS TRANSPORTES
406;31002005;VEÍCULOS E EQUIPAMENTOS DE CONTROLE
407;31002013;VIAS DE TRANSPORTE
408;31002021;VEÍCULOS DE TRANSPORTES
409;31002030;ESTAÇÃO DE TRANSPORTE
410;31002048;EQUIPAMENTOS AUXILIARES E CONTROLES
411;31003001;OPERAÇÕES DE TRANSPORTES
412;31003010;ENGENHARIA DE TRÁFEGO
413;31003028;CAPACIDADE DE VIAS DE TRANSPORTE
414;31003036;OPERAÇÃO DE SISTEMAS DE TRANSPORTE
415;30200008;ENGENHARIA DE MINAS
416;30201004;PESQUISA MINERAL
417;30201012;CARACTERIZAÇÃO DO MINÉRIO
418;30201020;DIMENSIONAMENTO DE JAZIDAS
419;30202000;LAVRA
420;30202019;LAVRA A CÉU ABERTO
421;30202027;LAVRA DE MINA SUBTERRÂNEA
422;30202035;EQUIPAMENTOS DE LAVRA
423;30203007;TRATAMENTO DE MINÉRIOS
424;30203015;MÉTODOS DE CONCENTRAÇÃO E ENRIQUECIMENTOS DE MINÉRIOS
425;30203023;EQUIPAMENTOS DE BENEFICIAMENTO DE MINÉRIOS
426;30300002;ENGENHARIA DE MATERIAIS E METALÚRGICA
427;30301009;INSTALAÇÕES E EQUIPAMENTOS METALÚRGICOS
428;30301017;INSTALAÇÕES METALÚRGICAS
429;30301025;EQUIPAMENTOS METALÚRGICOS
430;30302005;METALURGIA EXTRATIVA
431;30302013;AGLOMERAÇÃO
432;30302021;ELETROMETALURGIA
433;30302030;HIDROMETALURGIA
434;30302048;PIROMETALURGIA
435;30302056;TRATAMENTO DE MINÉRIOS
436;30303001;METALURGIA DE TRANSFORMAÇÃO
437;30303010;CONFORMAÇÃO MECÂNICA
438;30303028;FUNDIÇÃO
439;30303036;METALURGIA DE PÓ
440;30303044;RECOBRIMENTOS
441;30303052;SOLDAGEM
442;30303060;TRATAMENTO TÉRMICO, MECÂNICOS E QUÍMICOS
443;30303079;USINAGEM
444;30304008;METALURGIA FÍSICA
445;30304016;ESTRUTURA DOS METAIS E LIGAS
446;30304024;PROPRIEDADES FÍSICAS DOS METAIS E LIGAS
447;30304032;PROPRIEDADES MECÂNICAS DOS METAIS E LIGAS
448;30304040;TRANSFORMAÇÃO DE FASES
449;30304059;CORROSÃO
450;30305004;MATERIAIS NÃO-METÁLICOS
451;30305012;EXTRAÇÃO E TRANSFORMAÇÃO DE MATERIAIS
452;30305020;CERÂMICOS
453;30305039;MATERIAIS CONJUGADOS NÃO-METÁLICOS
454;30305047;POLÍMEROS,  APLICAÇÕES
455;30600006;ENGENHARIA QUÍMICA
456;30601002;PROCESSOS INDUSTRIAIS DE ENGENHARIA QUÍMICA
457;30601010;PROCESSOS BIOQUÍMICOS
458;30601029;PROCESSOS ORGÂNICOS
459;30601037;PROCESSOS INORGÂNICOS
460;30602009;OPERAÇÕES INDUSTRIAIS E EQUIPAMENTOS PARA ENG. QUÍMICA
461;30602017;REATORES QUÍMICOS
462;30602025;OPERAÇÕES CARACTERÍSTICAS DE PROCESSOS BIOQUÍMICOS
463;30602033;OPERAÇÕES DE SEPARAÇÃO E MISTURA
464;30603005;TECNOLOGIA QUÍMICA
465;30603013;BALANÇOS GLOBAIS DE MATÉRIA E ENERGIA
466;30603021;ÁGUA
467;30603030;ÁLCOOL
468;30603048;ALIMENTOS
469;30603056;BORRACHAS
470;30603064;CARVÃO
471;30603072;CERÂMICA
472;30603080;CIMENTO
473;30603099;COURO
474;30603102;DETERGENTES
475;30603110;FERTILIZANTES
476;30603129;MEDICAMENTOS
477;30603137;METAIS NÃO-FERROSOS
478;30603145;ÓLEOS
479;30603153;PAPEL E CELULOSE
480;30603161;PETRÓLEO E PETROQUÍMICA
481;30603170;POLÍMEROS
482;30603188;PRODUTOS NATURAIS
483;30603196;TÉXTEIS
484;30603200;TRATAMENTOS E APROVEITAMENTOS DE REJEITOS
485;30603218;XISTO
486;30900000;ENGENHARIA NUCLEAR
487;30901006;APLICAÇÕES DE RADIOISÓTOPOS
488;30901014;PRODUÇÃO DE RADIOISÓPOTOS
489;30901022;APLICAÇÕES INDUSTRIAIS DE RADIOISÓPOTOS
490;30901030;INSTRUMENTAÇÃO PARA MEDIDA E CONTROLE DE RADIAÇÃO
491;30902002;FUSÃO CONTROLADA
492;30902010;PROCESSOS INDUSTRIAIS DA FUSÃO CONTROLADA
493;30902029;PROBLEMAS TECNOLÓGICOS DA FUSÃO CONTROLADA
494;30903009;COMBUSTÍVEL NÚCLEAR
495;30903017;EXTRAÇÃO DE COMBUSTÍVEL NÚCLEAR
496;30903025;CONVERSÃO, ENRIQUECIMENTO E FABRICAÇÃO DE COMBUST. NÚCLEAR
497;30903033;REPROCESSAMENTO DO COMBUSTÍVEL NÚCLEAR
498;30903041;REJEITOS DE COMBUSTÍVEL NÚCLEAR
499;30904005;TECNOLOGIA DOS REATORES
500;30904013;NÚCLEO DO REATOR
501;30904021;MATERIAIS NUCLEARES E BLINDAGEM DE REATORES
502;30904030;TRANSFERÊNCIA DE CALOR EM REATORES
503;30904048;GERAÇÃO E INTEGRAÇÃO COM SISTEMAS ELÉTRICOS EM REATORES
504;30904056;INSTRUMENTAÇÃO PARA OPERAÇÃO E CONTROLE DE REATORES
505;30904064;SEGURANÇA, LOCALIZAÇÃO E LICENCIAMENTO DE REATORES
506;30904072;ASPECTOS ECONÔMICOS DE REATORES
507;30500001;ENGENHARIA MECÂNICA
508;30501008;FENÔMENOS DE TRANSPORTES
509;30501016;TRANSFERÊNCIA DE CALOR
510;30501024;MECÂNICA DOS FLUÍDOS
511;30501032;DINÂMICA DOS GASES
512;30501040;PRINCÍPIOS VARIACIONAIS E MÉTODOS NUMÉRICOS
513;30502004;ENGENHARIA TÉRMICA
514;30502012;TERMODINÂMICA
515;30502020;CONTROLE AMBIENTAL
516;30502039;APROVEITAMENTO DA ENERGIA
517;30503000;MECÂNICA DOS SÓLIDOS
518;30503019;MECÂNICA DOS CORPOS SÓLIDOS, ELÁSTICOS E PLÁSTICOS
519;30503027;DINÂMICA DOS CORPOS RÍGIDOS, ELÁSTICOS E PLÁSTICOS
520;30503035;ANÁLISE DE TENSÕES
521;30503043;TERMOELASTICIDADE
522;30504007;PROJETOS DE MÁQUINAS
523;30504015;TEORIA DOS MECANISMOS
524;30504023;ESTÁTICA E DINÂMICA APLICADA
525;30504031;ELEMENTOS DE MÁQUINAS
526;30504040;FUNDAMENTOS GERAIS DE PROJETOS DAS MÁQUINAS
527;30504058;MÁQUINAS, MOTORES E EQUIPAMENTOS
528;30504066;MÉTODOS DE SÍNTESE E OTIMIZAÇÃO APLICADOS AO PROJ.  MECÂNICO
529;30504074;CONTROLE DE SISTEMAS MECÂNICOS
530;30504082;APROVEITAMENTO DE ENERGIA
531;30505003;PROCESSOS DE FABRICAÇÃO
532;30505011;MATRIZES E FERRAMENTAS
533;30505020;MÁQUINAS DE USINAGEM E CONFORMAÇÃO
534;30505038;CONTROLE NUMÉRICO
535;30505046;ROBOTIZAÇÃO
536;30505054;PROCESSOS DE FABRICAÇÃO, SELEÇÃO ECONÔMICA
537;30800005;ENGENHARIA DE PRODUÇÃO
538;30801001;GERÊNCIA DE PRODUÇÃO
539;30801010;PLANEJAMENTO DE INSTALAÇOES INDUSTRIAIS
540;30801028;PLANEJAMENTO, PROJETO E CONTROLE DE SIST. DE PRODUÇÃO
541;30801036;HIGIENE E SEGURANÇA DO TRABALHO
542;30801044;SUPRIMENTOS
543;30801052;GARANTIA DE CONTROLE DE QUALIDADE
544;30802008;PESQUISA OPERACIONAL
545;30802016;PROCESSOS ESTOCÁSTICOS E TEORIAS DAS FILAS
546;30802024;PROGRAMAÇÃO LINEAR, NÃO-LINEAR, MISTA E DINÂMICA
547;30802032;SÉRIES TEMPORAIS
548;30802040;TEORIA DOS GRAFOS
549;30802059;TEORIA DOS JOGOS
550;30803004;ENGENHARIA DO PRODUTO
551;30803012;ERGONOMIA
552;30803020;METODOLOGIA DE PROJETO DO PRODUTO
553;30803039;PROCESSOS DE TRABALHO
554;30803047;GERÊNCIA DO PROJETO E DO PRODUTO
555;30803055;DESENVOLVIMENTO DE PRODUTO
556;30804000;ENGENHARIA ECONÔMICA
557;30804019;ESTUDO DE MERCADO
558;30804027;LOCALIZAÇÃO INDUSTRIAL
559;30804035;ANÁLISE DE CUSTOS
560;30804043;ECONOMIA DE TECNOLOGIA
561;30804051;VIDA ECONÔMICA DOS EQUIPAMENTOS
562;30804060;AVALIAÇÃO DE PROJETOS
563;31100007;ENGENHARIA NAVAL E OCEÂNICA
564;31101003;HIDRODINÂMICA DE NAVIOS E SISTEMAS OCEÂNICOS
565;31101011;RESISTÊNCIA HIDRODINÂMICA
566;31101020;PROPULSÃO DE NAVIOS
567;31102000;ESTRUTURAS NAVAIS E OCEÂNICAS
568;31102018;ANÁLISE TEÓRICA E EXPERIMENTAL DE ESTRUTURA
569;31102026;DINÂMICA ESTRUTURAL NAVAL E OCEÂNICA
570;31102034;SÍNTESE ESTRUTURAL NAVAL E OCEÂNICA
571;31103006;MÁQUINAS MARÍTIMAS
572;31103014;ANÁLISE DE SISTEMAS PROPULSORES
573;31103022;CONTROLE E AUTOMAÇÃO DE SISTEMAS PROPULSORES
574;31103030;EQUIPAMENTOS AUXILIARES DO SISTEMA PROPULSIVO
575;31103049;MOTOR DE PROPULSÃO
576;31104002;PROJETOS DE NAVIOS E DE SISTEMAS OCEÂNICOS
577;31104010;PROJETOS DE NAVIOS
578;31104029;PROJETOS DE SISTEMAS OCEÂNICOS FIXOS E SEMI-FIXOS
579;31104037;PROJETOS DE EMBARCAÇÕES NÃO-CONVENCIONAIS
580;31105009;TECNOLOGIA DE CONSTRUÇÃO NAVAL E DE SISTEMAS OCEÂNICOS
581;31105017;MÉTODOS DE FABRICAÇÃO DE NAVIOS E SISTEMAS OCEÂNICOS
582;31105025;SOLDAGEM DE ESTRUTURAS NAVAIS E OCEÂNICOS
583;31105033;CUSTOS DE CONSTRUÇÃO NAVAL
584;31105041;NORMATIZAÇÃO E CERTIFICAÇÃO DE QUALIDADE DE NAVIOS
585;31200001;ENGENHARIA AEROESPACIAL
586;31201008;AERODINÂMICA
587;31201016;AERODINÂMICA DE AERONAVES ESPACIAIS
588;31201024;AERODINÂMICA DOS PROCESSOS GEOFÍSICOS E INTERPLANETÁRIOS
589;31202004;DINÂMICA DE VÔO
590;31202012;TRAJETÓRIAS E ÓRBITAS
591;31202020;ESTABILIDADE E CONTROLE
592;31203000;ESTRUTURAS AEROESPACIAIS
593;31203019;AEROELASTICIDADE
594;31203027;FADIGA
595;31203035;PROJETOS DE ESTRUTURAS AEROESPACIAIS
596;31204007;MATERIAIS E PROCESSOS P/ENGENHARIA AERON. E AEROESPACIAL
597;31205003;PROPULSÃO AEROESPACIAL
598;31205011;COMBUSTÃO E ESCOAMENTO COM REAÇÕES QUÍMICAS
599;31205020;PROPULSÃO DE FOGUTES
600;31205038;MÁQUINAS DE FLUXO
601;31205046;MOTORES ALTERNATIVOS
602;31206000;SISTEMAS AEROESPACIAIS
603;31206018;AVIÕES
604;31206026;FOGUETES
605;31206034;HELICÓPTEROS
606;31206042;HOVERCRAFT
607;31206050;SATÉLITES E OUTROS DISPOSITIVOS AEROESPACIAIS
608;31206069;NORMATIZAÇÃO E CERT. DE QUAL. DE AERONAVES E COMPONENTES
609;31206077;MANUTENÇÃO DE SISTEMAS AEROESPACIAIS
610;30400007;ENGENHARIA ELÉTRICA
611;30401003;MATERIAIS ELÉTRICOS
612;30401011;MATERIAIS CONDUTORES
613;30401020;MATERIAIS E COMPONENTES SEMICONDUTORES
614;30401038;MATERIAIS E DISPOSITIVOS SUPERCONDUTORES
615;30401046;MATERIAIS DIELÉTRICOS, PIESOELÉTRICOS E FERROELÉTRICOS
616;30401054;MAT. E COMP. ELETROÓTICOS E MAGNET., MAT. FOTOELÉTRICOS
617;30401062;MATERIAIS E DISPOSITIVOS MAGNÉTICOS
618;30402000;MEDIDAS ELÉTRICAS, MAGNÉTICAS E ELETRÔNICASINSTRUMENTAÇÃO
619;30402018;MEDIDAS ELÉTRICAS
620;30402026;MEDIDAS MAGNÉTICAS
621;30402034;INSTRUMENTAÇÃO ELETROMECÂNICA
622;30402042;INSTRUMENTAÇÃO ELETRÔNICA
623;30402050;SISTEMAS ELETRÔNICOS DE MEDIDAS E DE CONTROLE
624;30403006;CIRCUITOS ELÉTRICOS, MAGNÉTICOS E ELETRÔNICOS
625;30403014;TEORIA GERAL DOS CIRCUITOS ELÉTRICOS
626;30403022;CIRCUITOS LINEARES E NÃO LINEARES
627;30403030;CIRCUITOS ELETRÔNICOS
628;30403049;CIRCUITOS MAGNÉTICOS, MAGNÉTISMO, ELETROMAGNÉTISMO
629;30404002;SISTEMAS ELÉTRICOS DE POTÊNCIA
630;30404010;GERAÇÃO DE ENERGIA ELÉTRICA
631;30404029;TRANSMISSÃO DA ENERGIA ELET., DISTRIB. DA ENERGIA ELÉTRICA
632;30404037;CONVERSÃO E RETIFICAÇÃO DA ENERGIA ELÉTRICA
633;30404045;MEDIÇÃO, CONTROLE, CORREÇÃO E PROTEÇÃO DE SIST. ELET. E POT.
634;30404053;MÁQUINAS ELÉTRICAS E DISPOSITIVOS DE POTÊNCIA
635;30404061;INSTALAÇÕES ELÉTRICAS PREDIAIS E INDUSTRIAIS
636;30405009;ELETRÔNICA INDUSTRIAL, SISTEMAS E CONTROLES ELETRÔNICOS
637;30405017;ELETRÔNICA INDUSTRIAL
638;30405025;AUTOMAÇÃO ELETRÔNICA DE PROCESSOS ELÉTRICOS E INDUSTRIAIS
639;30405033;CONTROLE DE PROCESSOS ELETRÔNICOS, RETROALIMENTAÇÃO
640;30406005;TELECOMUNICAÇÕES
641;30406013;TEORIA ELETROMAG., MICROONDAS, PROPAGAÇÃO DE ONDAS, ANTENAS
642;30406021;RADIONAVEGAÇÃO E RADIOASTRONOMIA
643;30406030;SISTEMAS DE TELECOMUNICAÇÕES
644;31300006;ENGENHARIA BIOMÉDICA
645;31301002;BIOENGENHARIA
646;31301010;PROCESSAMENTO DE SINAIS BIOLÓGICOS
647;31301029;MODELAGEM DE FENÔMENOS BIOLÓGICOS
648;31301037;MODELAGEM DE SISTEMAS BIOLÓGICOS
649;31302009;ENGENHARIA MÉDICA
650;31302017;BIOMATERIAIS E MATERIAIS BIOCOMPATÍVEIS
651;31302025;TRANSDUTORES PARA APLICAÇÕES BIOMÉDICAS
652;31302033;INSTRUMENTAÇÃO ODONTOLÓGICA E MÉDICO-HOSPITALAR
653;31302041;TECNOLOGIA DE PRÓTESES
654;40000001;CIÊNCIAS DA SAÚDE
655;40100006;MEDICINA
656;40101002;CLÍNICA MÉDICA
657;40101010;ANGIOLOGIA
658;40101029;DERMATOLOGIA
659;40101045;CANCEROLOGIA
660;40101061;ENDOCRINOLOGIA
661;40101100;CARDIOLOGIA
662;40101118;GASTROENTEROLOGIA
663;40101126;PNEUMOLOGIA
664;40101134;NEFROLOGIA
665;40101169;FISIATRIA
666;40107000;MEDICINA LEGAL E DEONTOLOGIA
667;40101037;ALERGOLOGIA E IMUNOLOGIA CLÍNICA
668;40101053;HEMATOLOGIA
669;40101070;NEUROLOGIA
670;40101088;PEDIATRIA
671;40101096;DOENÇAS INFECCIOSAS E PARASITÁRIAS
672;40101142;REUMATOLOGIA
673;40103005;SAÚDE MATERNO-INFANTIL
674;40104001;PSIQUIATRIA
675;40105008;ANATOMIA PATOLÓGICA E PATOLOGIA CLÍNICA
676;40106004;RADIOLOGIA MÉDICA
677;40101150;GINECOLOGIA E OBSTETRÍCIA
678;40101177;OFTALMOLOGIA
679;40101186;ORTOPEDIA
680;40102009;CIRURGIA
681;40102017;CIRURGIA PLÁSTICA E RESTAURADORA
682;40102025;CIRURGIA OTORRINOLARINGOLOGIA
683;40102033;CIRURGIA OFTALMOLÓGICA
684;40102041;CIRURGIA CARDIOVASCULAR
685;40102050;CIRURGIA TORÁXICA
686;40102068;CIRURGIA GASTROENTEROLOGICA
687;40102076;CIRURGIA PEDIÁTRICA
688;40102084;NEUROCIRURGIA
689;40102092;CIRURGIA UROLÓGICA
690;40102106;CIRURGIA PROCTOLÓGICA
691;40102114;CIRURGIA ORTOPÉDICA
692;40102122;CIRURGIA TRAUMATOLÓGICA
693;40102130;ANESTESIOLOGIA
694;40102149;CIRURGIA EXPERIMENTAL
695;40500004;NUTRIÇÃO
696;40501000;BIOQUÍMICA DA NUTRIÇÃO
697;40502007;DIETÉTICA
698;40503003;ANÁLISE NUTRICIONAL DE POPULAÇÃO
699;40504000;DESNUTRIÇÃO E DESENVOLVIMENTO FISIOLÓGICO
700;40200000;ODONTOLOGIA
701;40201007;CLÍNICA ODONTOLÓGICA
702;40202003;CIRURGIA BUCO-MAXILO-FACIAL
703;40203000;ORTODONTIA
704;40204006;ODONTOPEDIATRIA
705;40205002;PERIODONTIA
706;40206009;ENDODONTIA
707;40207005;RADIOLOGIA ODONTOLÓGICA
708;40208001;ODONTOLOGIA SOCIAL E PREVENTIVA
709;40209008;MATERIAIS ODONTOLÓGICOS
710;40300005;FARMÁCIA
711;40301001;FARMACOTECNIA
712;40302008;FARMACOGNOSIA
713;40303004;ANÁLISE TOXICOLÓGICA
714;40304000;ANÁLISE E CONTROLE DE MEDICAMENTOS
715;40305007;BROMATOLOGIA
716;40400000;ENFERMAGEM
717;40401006;ENFERMAGEM MÉDICO-CIRÚRGICA
718;40402002;ENFERMAGEM OBSTÉTRICA
719;40403009;ENFERMAGEM PEDIÁTRICA
720;40404005;ENFERMAGEM PSIQUIÁTRICA
721;40405001;ENFERMAGEM DE DOENÇAS CONTAGIOSAS
722;40406008;ENFERMAGEM DE SAÚDE PÚBLICA
723;40600009;SAÚDE COLETIVA
724;40601005;EPIDEMIOLOGIA
725;40602001;SAÚDE PÚBLICA
726;40603008;MEDICINA PREVENTIVA
727;40900002;EDUCAÇÃO FÍSICA
728;40700003;FONOAUDIOLOGIA
729;40800008;FISIOTERAPIA E TERAPIA OCUPACIONAL
730;50000004;CIÊNCIAS AGRÁRIAS
731;50100009;AGRONOMIA
732;50101005;CIÊNCIA DO SOLO
733;50101013;GÊNESE, MORFOLOGIA E CLASSIFICAÇÃO DOS SOLOS
734;50101021;FÍSICA DO SOLO
735;50101030;QUÍMICA DO SOLO
736;50101048;MICROBIOLOGIA E BIOQUÍMICA DO SOLO
737;50101056;FERTILIDADE DO SOLO E ADUBAÇÃO
738;50101064;MANEJO E CONSERVAÇÃO DO SOLO
739;50102001;FITOSSANIDADE
740;50102010;FITOPATOLOGIA
741;50102028;ENTOMOLOGIA AGRÍCOLA
742;50102036;PARASITOLOGIA AGRÍCOLA
743;50102044;MICROBIOLOGIA AGRÍCOLA
744;50102052;DEFESA FITOSSANITÁRIA
745;50103008;FITOTECNIA
746;50103016;MANEJO E TRATOS CULTURAIS
747;50103024;MECANIZAÇÃO AGRÍCOLA
748;50103032;PRODUÇÃO E BENEFICIAMENTO DE SEMENTES
749;50103040;PRODUÇÃO DE MUDAS
750;50103059;MELHORAMENTO VEGETAL
751;50103067;FISIOLOGIA DE PLANTAS CULTIVADAS
752;50103075;MATOLOGIA
753;50104004;FLORICULTURA, PARQUES E JARDINS
754;50104012;FLORICULTURA
755;50104020;PARQUES E JARDINS
756;50104039;ARBORIZAÇÃO DE VIAS PÚBLICAS
757;50105000;AGROMETEROLOGIA
758;50106007;EXTENSÃO RURAL
759;50200003;RECURSOS FLORESTAIS E ENGENHARIA FLORESTAL
760;50201000;SILVICULTURA
761;50201018;DENDROLOGIA
762;50201026;FLORESTAMENTO E REFLORESTAMENTO
763;50201034;GENÉTICA E MELHORAMENTO FLORESTAL
764;50201042;SEMENTES FLORESTAIS
765;50201050;NUTRIÇÃO FLORESTAL
766;50201069;FISIOLOGIA FLORESTAL
767;50201077;SOLOS FLORESTAIS
768;50201085;PROTEÇÃO FLORESTAL
769;50202006;MANEJO FLORESTAL
770;50202014;ECONOMIA FLORESTAL
771;50202022;POLÍTICA E LEGISLAÇÃO FLORESTAL
772;50202030;ADMINISTRAÇÃO FLORESTAL
773;50202049;DENDROMETRIA E INVENTÁRIO FLORESTAL
774;50202057;FOTOINTERPRETAÇÃO FLORESTAL
775;50202065;ORDENAMENTO FLORESTAL
776;50203002;TÉCNICAS E OPERAÇÕES FLORESTAIS
777;50203010;EXPLORAÇÃO FLORESTAL
778;50203029;MECANIZAÇÃO FLORESTAL
779;50204009;TECNOLOGIA E UTILIZAÇÃO DE PRODUTOS FLORESTAIS
780;50204017;ANATOMIA E IDENTIFICAÇÃO DE PRODUTOS FLORESTAIS
781;50204025;PROPRIEDADES FISICO-MECÂNICAS DA MADEIRA
782;50204033;RELAÇÕES ÁGUA-MADEIRA E SECAGEM
783;50204041;TRATAMENTO DA MADEIRA
784;50204050;PROCESSAMENTO MECÂNICO DA MADEIRA
785;50204068;QUÍMICA DA MADEIRA
786;50204076;RESINAS DE MADEIRAS
787;50204084;TECNOLOGIA DE CELULOSE E PAPEL
788;50204092;TECNOLOGIA DE CHAPAS
789;50205005;CONSERVAÇÃO DA NATUREZA
790;50205013;HIDROLOGIA FLORESTAL
791;50205021;CONSERVAÇÃO DE ÁREAS SILVESTRES
792;50205030;CONSERVAÇÃO DAS BACIAS HIDROGRÁFICAS
793;50205048;RECUPERAÇÃO DE ÁREAS DEGRADADAS
794;50206001;ENERGIA DE BIOMASSA FLORESTAL
795;50300008;ENGENHARIA AGRÍCOLA
796;50301004;MÁQUINAS E IMPLEMENTOS AGRÍCOLAS
797;50302000;ENGENHARIA DE ÁGUA E SOLO
798;50302019;IRRIGAÇÃO E DRENAGEM
799;50302027;CONSERVAÇÃO DE SOLO E ÁGUA
800;50303007;ENGENHARIA DE PROCESSAMENTO DE PRODUTOS AGRÍCOLAS
801;50303015;PRÉ-PROCESSAMENTO DE PRODUTOS AGRÍCOLAS
802;50303023;ARMAZENAMENTO DE PRODUTOS AGRÍCOLAS
803;50303031;TRANSFERÊNCIA DE PRODUTOS AGRÍCOLAS
804;50304003;CONSTRUÇÕES RURAIS E AMBIÊNCIA
805;50304011;ASSENTAMENTO RURAL
806;50304020;ENGENHARIA DE CONSTRUÇÕES RURAIS
807;50304038;SANEAMENTO RURAL
808;50305000;ENERGIZAÇÃO RURAL
809;50400002;ZOOTECNIA
810;50401009;ECOLOGIA DOS ANIMAIS DOMÉSTICOS E ETOLOGIA
811;50402005;GENÉTICA E MELHORAMENTO DOS ANIMAIS DOMÉSTICOS
812;50403001;NUTRIÇÃO E ALIMENTAÇÃO ANIMAL
813;50403010;EXIGÊNCIAS NUTRICIONAIS DOS ANIMAIS
814;50403028;AVALIAÇÃO DE ALIMENTOS PARA ANIMAIS
815;50403036;CONSERVAÇÃO DE ALIMENTOS PARA ANIMAIS
816;50404008;PASTAGEM E FORRAGICULTURA
817;50404016;AVALIAÇÃO, PRODUÇÃO E CONSERVAÇÃO DE FORRAGENS
818;50404024;MANEJO E CONSERVAÇÃO DE PASTAGENS
819;50404032;FISIOLOGIA DE PLANTAS FORRAGEIRAS
820;50404040;MELHORAMENTO DE PLANTAS FORRAGEIRAS E PRODUÇÃO DE SEMENTES
821;50404059;TOXICOLOGIA E PLANTAS TÓXICAS
822;50405004;PRODUÇÃO ANIMAL
823;50405012;CRIAÇÃO DE ANIMAIS
824;50405020;MANEJO DE ANIMAIS
825;50405039;INSTALAÇÕES PARA PRODUÇÃO ANIMAL
826;50600001;RECURSOS PESQUEIROS E ENGENHARIA DE PESCA
827;50601008;RECURSOS PESQUEIROS MARINHOS
828;50601016;FATORES ABIÓTICOS DO MAR
829;50601024;AVALIAÇÃO DE ESTOQUE PESQUEIROS MARINHOS
830;50601032;EXPLORAÇÃO PESQUEIRA MARINHA
831;50601040;MANEJO E CONSERVAÇÃO DE RECURSOS PESQUEIROS MARINHOS
832;50602004;RECURSOS PESQUEIROS DE ÁGUAS INTERIORES
833;50602012;FATORES ABIÓTICOS DE ÁGUAS INTERIORES
834;50602020;AVALIAÇÃO DE ESTOQUES PESQUEIROS DE ÁGUAS INTERIORES
835;50602039;EXPLORAÇÃO PESQUEIRA DE ÁGUAS INTERIORES
836;50602047;MANEJO E CONSERV. DE RECURSOS PESQUEIROS DE ÁGUAS INFERIORES
837;50603000;AQUICULTURA
838;50603019;MARICULTURA
839;50603027;CARCINOCULTURA
840;50603035;OSTREICULTURA
841;50603043;PISCICULTURA
842;50604007;ENGENHARIA DE PESCA
843;50500007;MEDICINA VETERINÁRIA
844;50501003;CLÍNICA E CIRÚRGIA ANIMAL
845;50501011;ANESTESIOLOGIA ANIMAL
846;50501020;TÉCNICA CIRÚRGICA ANIMAL
847;50501038;RADIOLOGIA DE ANIMAIS
848;50501046;FARMACOLOGIA E TERAPÉUTICA ANIMAL
849;50501054;OBSTETRÍCIA ANIMAL
850;50501062;CLÍNICA VETERINÁRIA
851;50501070;CLÍNICA CIRÚRGICA ANIMAL
852;50501089;TOXICOLOGIA ANIMAL
853;50502000;MEDICINA VETERINÁRIA PREVENTIVA
854;50502018;EPIDEMIOLOGIA ANIMAL
855;50502026;SANEAMENTO APLICADO À SAÚDE DO HOMEM
856;50502034;DOENÇAS INFECCIOSAS DE ANIMAIS
857;50502042;DOENÇAS PARASITÁRIAS DE ANIMAIS
858;50502050;SAÚDE ANIMAL (PROGRAMAS SANITÁRIOS)
859;50503006;PATOLOGIA ANIMAL
860;50503014;PATOLOGIA AVIÁRIA
861;50503022;ANATOMIA PATOLÓGICA ANIMAL
862;50503030;PATOLOGIA CLÍNICA ANIMAL
863;50504002;REPRODUÇÃO ANIMAL
864;50504010;GINECOLOGIA E ANDROLOGIA ANIMAL
865;50504029;INSEMINAÇÃO ARTIFICIAL ANIMAL
866;50504037;FISIOPATOLOGIA DA REPRODUÇÃO ANIMAL
867;50505009;INSPEÇÃO DE PRODUTOS DE ORIGEM ANIMAL
868;50700006;CIÊNCIA E TECNOLOGIA DE ALIMENTOS
869;50701002;CIÊNCIA DE ALIMENTOS
870;50701010;VALOR NUTRITIVO DE ALIMENTOS
871;50701029;QUÍMICA, FÍSICA, FÍSICO-QUÍM. BIOQ. DOS ALI. MAT. PRIMAS ALI
872;50701037;MICROBIOLOGIA DE ALIMENTOS
873;50701045;FISIOLOGIA PÓS-COLHEITA
874;50701053;TOXICIDADE E RESÍDUOS DE PESTICIDAS EM ALIMENTOS
875;50701061;AVALIAÇÃO E CONTROLE DE QUALIDADE DE ALIMENTOS
876;50701070;PADRÕES, LEGISLAÇÃO E FISCALIZAÇÃO DE ALIMENTOS
877;50702009;TECNOLOGIA DE ALIMENTOS
878;50702017;TECNOLOGIA DE PRODUTOS DE ORIGEM ANIMAL
879;50702025;TECNOLOGIA DE PRODUTOS DE ORIGEM VEGETAL
880;50702033;TECNOLOGIA DAS BEBIDAS
881;50702041;TECNOLOGIA DE ALIMENTOS DIETÉTICOS E NUTRICIONAIS
882;50702050;APROVEITAMENTO DE SUBPRODUTOS
883;50702068;EMBALAGENS DE PRODUTOS ALIMENTARES
884;50703005;ENGENHARIA DE ALIMENTOS
885;50703013;INSTALAÇÕES INDUSTRIAIS DE PRODUÇÃO DE ALIMENTOS
886;50703021;ARMAZENAMENTO DE ALIMENTOS
887;60000007;CIÊNCIAS SOCIAIS APLICADAS
888;60100001;DIREITO
889;60101008;TEORIA DO DIREITO
890;60101016;TEORIA GERAL DO DIREITO
891;60101024;TEORIA GERAL DO PROCESSO
892;60101032;TEORIA DO ESTADO
893;60101040;HISTÓRIA DO DIREITO
894;60101059;FILOSOFIA DO DIREITO
895;60101067;LÓGICA JURÍDICA
896;60101075;SOCIOLOGIA JURÍDICA
897;60101083;ANTROPOLOGIA JURÍDICA
898;60102004;DIREITO PÚBLICO
899;60102012;DIREITO TRIBUTÁRIO
900;60102020;DIREITO PENAL
901;60102039;DIREITO PROCESSUAL PENAL
902;60102047;DIREITO PROCESSUAL CIVIL
903;60102055;DIREITO CONSTITUCIONAL
904;60102063;DIREITO ADMINISTRATIVO
905;60102071;DIREITO INTERNACIONAL PÚBLICO
906;60103000;DIREITO PRIVADO
907;60103019;DIREITO CIVIL
908;60103027;DIREITO COMERCIAL
909;60103035;DIREITO DO TRABALHO
910;60103043;DIREITO INTERNACIONAL PRIVADO
911;60104007;DIREITOS ESPECIAIS
912;60200006;ADMINISTRAÇÃO
913;60201002;ADMINISTRAÇÃO DE EMPRESAS
914;60201010;ADMINISTRAÇÃO DE PRODUÇÃO
915;60201029;ADMINISTRAÇÃO FINANCEIRA
916;60201037;MERCADOLOGIA
917;60201045;NEGÓCIOS INTERNACIONAIS
918;60201053;ADMINISTRAÇÃO DE RECURSOS HUMANOS
919;60202009;ADMINISTRAÇÃO PÚBLICA
920;60202017;CONTABILIDADE E FINANÇAS PÚBLICAS
921;60202025;ORGANIZAÇÕES PÚBLICAS
922;60202033;POLÍTICA E PLANEJAMENTO GOVERNAMENTAIS
923;60202041;ADMINISTRAÇÃO DE PESSOAL
924;60203005;ADMINISTRAÇÃO DE SETORES ESPECÍFICOS
925;60204001;CIÊNCIAS CONTÁBEIS
926;61300004;TURISMO
927;60300000;ECONOMIA
928;60301007;TEORIA ECONÔMICA
929;60301015;ECONOMIA GERAL
930;60301023;TEORIA GERAL DA ECONOMIA
931;60301031;HISTÓRIA DO PENSAMENTO ECONÔMICO
932;60301040;HISTÓRIA ECONÔMICA
933;60301058;SISTEMAS ECONÔMICOS
934;60302003;MÉTODOS QUANTITATIVOS EM ECONOMIA
935;60302011;MÉTODOS E MODELOS MATEMÁT., ECONOMÉTRICOS E ESTATÍSTICOS
936;60302020;ESTATÍSTICA SÓCIO-ECONÔMICA
937;60302038;CONTABILIDADE NACIONAL
938;60302046;ECONOMIA MATEMÁTICA
939;60303000;ECONOMIA MONETÁRIA E FISCAL
940;60303018;TEORIA MONETÁRIA E FINANCEIRA
941;60303026;INSTITUIÇÕES MONETÁRIAS E FINANCEIRAS DO BRASIL
942;60303034;FINANÇAS PÚBLICAS INTERNAS
943;60303042;POLÍTICA FISCAL DO BRASIL
944;60304006;CRESCIMENTO, FLUTUAÇÕES E PLANEJAMENTO ECONÔMICO
945;60304014;CRESCIMENTO E DESENVOLVIMENTO ECONÔMICO
946;60304022;TEORIA E POLÍTICA DE PLANEJAMENTO ECONÔMICO
947;60304030;FLUTAÇÕES CICLÍCAS E PROJEÇÕES ECONÔMICAS
948;60304049;INFLAÇÃO
949;60305002;ECONOMIA INTERNACIONAL
950;60305010;TEORIA DO COMÉRCIO INTERNACIONAL
951;60305029;RELAÇÕES DO COMÉRCIOPOLÍT. COMERCIALINTEGRAÇÃO ECONÔMICA
952;60305037;BALANÇO DE PAGAMENTOFINANÇAS INTERNACIONAIS
953;60305045;INVESTIMENTOS INTERNACIONAIS E AJUDA EXTERNA
954;60306009;ECONOMIA DOS RECURSOS HUMANOS
955;60306017;"TREIN. E ALOCAÇÃO DE MÃO-DE-OBRA;OFERTA MÃO-DE-OBRA F. TRAB."
956;60306025;MERCADO DE TRABALHOPOLÍTICA DO GOVERNO
957;60306033;SINDICATOS, DISSÍDIOS COLET., RELAÇÕES DE EMPREGO(EMP./EMP)
958;60306041;CAPITAL HUMANO
959;60306050;DEMOGRAFIA ECONÔMICA
960;60307005;ECONOMIA INDUSTRIAL
961;60307013;ORGANIZAÇÃO INDUSTRIAL E ESTUDOS INDUSTRIAIS
962;60307021;MUDANÇA TECNOLÓGICA
963;60308001;ECONOMIA DO BEM-ESTAR SOCIAL
964;60308010;ECONOMIA DOS PROGRAMAS DE BEM-ESTAR SOCIAL
965;60308028;ECONOMIA DO CONSUMIDOR
966;60309008;ECONOMIA REGIONAL E URBANA
967;60309016;ECONOMIA REGIONAL
968;60309024;ECONOMIA URBANA
969;60309032;RENDA E TRIBUTAÇÃO
970;60310006;ECONOMIAS AGRÁRIA E DOS RECURSOS NATURAIS
971;60310014;ECONOMIA AGRÁRIA
972;60310022;ECONOMIA DOS RECURSOS NATURAIS
973;60400005;ARQUITETURA E URBANISMO
974;60401001;FUNDAMENTOS DE ARQUITETURA E URBANISMO
975;60401010;HISTÓRIA DA ARQUITETURA E URBANISMO
976;60401028;TEORIA DA ARQUITETURA
977;60401036;HISTÓRIA DO URBANISMO
978;60401044;TEORIA DO URBANISMO
979;60402008;PROJETO DE ARQUITETURA E URBANISMO
980;60402016;PLANEJAMENTO E PROJETOS DA EDIFICAÇÃO
981;60402024;PLANEJAMENTO E PROJETO DO ESPAÇO URBANO
982;60402032;PLANEJAMENTO E PROJETO DO EQUIPAMENTO
983;60403004;TECNOLOGIA DE ARQUITETURA E URBANISMO
984;60403012;ADEQUAÇÃO AMBIENTAL
985;60404000;PAISAGISMO
986;60404019;DESENVOLVIMENTO HISTÓRICO DO PAISAGISMO
987;60404027;CONCEITUAÇÃO DE PAISAGISMO E METODOLOGIA DO PAISAGISMO
988;60404035;ESTUDOS DE ORGANIZAÇÃO DO ESPAÇO EXTERIOR
989;60404043;PROJETOS DE ESPAÇOS LIVRES URBANOS
990;61200000;DESENHO INDUSTRIAL
991;60500000;PLANEJAMENTO URBANO E REGIONAL
992;60501006;FUNDAMENTOS DO PLANEJAMENTO URBANO E REGIONAL
993;60501014;TEORIA DO PLANEJAMENTO URBANO E REGIONAL
994;60501022;TEORIA DA URBANIZAÇÃO
995;60501030;POLÍTICA URBANA
996;60501049;HISTÓRIA URBANA
997;60502002;MÉTODOS E TÉCNICAS DO PLANEJAMENTO URBANO E REGIONAL
998;60502010;INFORMAÇÃO, CADASTRO E MAPEAMENTO
999;60502029;TÉCNICA DE PREVISÃO URBANA E REGIONAL
1000;60502037;TÉCNICAS DE ANÁLISE E AVALIAÇÃO URBANA E REGIONAL
1001;60502045;TÉCNICAS DE PLANEJAMENTO E PROJETO URBANOS E REGIONAIS
1002;60503009;SERVIÇOS URBANOS E REGIONAIS
1003;60503017;ADMINISTRAÇÃO MUNICIPAL E URBANA
1004;60503025;ESTUDOS DA HABITAÇÃO
1005;60503033;ASPECTOS SOCIAIS DO PLANEJAMENTO URBANO E REGIONAL
1006;60503041;ASPECTOS ECONÔMICOS DO PLANEJAMENTO URBANO E REGIONAL
1007;60503050;ASPECTOS FÍSICO-AMBIENTAIS DO PLANEJ. URBANO E REGIONAL
1008;60503068;SERVIÇOS COMUNITÁRIOS
1009;60503076;INFRA-ESTRUTURAS URBANAS E REGIONAIS
1010;60503084;TRANSPORTE E TRÁFEGO URBANO E REGIONAL
1011;60503092;LEGISLAÇÃO URBANA E REGIONAL
1012;60600004;DEMOGRAFIA
1013;60601000;DISTRIBUIÇÃO ESPACIAL
1014;60601019;DISTRIBUIÇÃO ESPACIAL GERAL
1015;60601027;DISTRIBUIÇÃO ESPACIAL URBANA
1016;60601035;DISTRIBUIÇÃO ESPACIAL RURAL
1017;60602007;TENDÊNCIA POPULACIONAL
1018;60602015;TENDÊNCIAS PASSADAS
1019;60602023;TAXAS E ESTIMATIVAS CORRENTES
1020;60602031;PROJEÇÕES
1021;60603003;COMPONENTES DA DINÂMICA DEMOGRÁFICA
1022;60603011;FECUNDIDADE
1023;60603020;MORTALIDADE
1024;60603038;MIGRAÇÃO
1025;60604000;NUPCIALIDADE E FAMÍLIA
1026;60604018;CASAMENTO E DIVÓRCIO
1027;60604026;FAMÍLIA E REPRODUÇÃO
1028;60605006;DEMOGRAFIA HISTÓRICA
1029;60605014;DISTRIBUIÇÃO ESPACIAL
1030;60605022;NATALIDADE, MORTALIDADE, MIGRAÇÃO
1031;60605049;MÉTODOS E TÉCNICAS DE DEMOGRAFIA HISTÓRICA
1032;60606002;POLÍTICA PÚBLICA E POPULAÇÃO
1033;60606010;POLÍTICA POPULACIONAL
1034;60606029;POLÍTICAS DE REDISTRIBUIÇÃO DE POPULAÇÃO
1035;60606037;POLÍTICAS DE PLANEJAMENTO FAMILIAR
1036;60607009;FONTES DE DADOS DEMOGRÁFICOS
1037;60700009;CIÊNCIA DA INFORMAÇÃO
1038;60701005;TEORIA DA INFORMAÇÃO
1039;60701013;TEORIA GERAL DA INFORMAÇÃO
1040;60701021;PROCESSOS DA COMUNICAÇÃO
1041;60701030;REPRESENTAÇÃO DA INFORMAÇÃO
1042;60702001;BIBLIOTECONOMIA
1043;60702010;TEORIA DA CLASSIFICAÇÃO
1044;60702028;MÉTODOS QUANTITATIVOS, BIBLIOMETRIA
1045;60702036;TÉCNICAS DE RECUPERAÇÃO DE INFORMAÇÃO
1046;60702044;PROCESSOS DE DISSEMINAÇÃO DA INFORMAÇÃO
1047;60703008;ARQUIVOLOGIA
1048;60703016;ORGANIZAÇÃO DE ARQUIVOS
1049;60800003;MUSEOLOGIA
1050;60900008;COMUNICAÇÃO
1051;60901004;TEORIA DA COMUNICAÇÃO
1052;60902000;JORNALISMO E EDITORAÇÃO
1053;60902019;TEORIA E ÉTICA DO JORNALISMO
1054;60902027;ORGANIZAÇÃO EDITORIAL DE JORNAIS
1055;60902035;ORGANIZAÇÃO COMERCIAL DE JORNAIS
1056;60902043;JORNALISMO ESPECIALIZADO (COMUNITÁRIO, RURAL, EMP. CIENTIF.)
1057;60903007;RÁDIO E TELEVISÃO
1058;60903015;RADIODIFUSÃO
1059;60903023;VIDEODIFUSÃO
1060;60904003;RELAÇÕES PÚBLICAS E PROPAGANDA
1061;60905000;COMUNICAÇÃO VISUAL
1062;61201006;PROGRAMAÇÃO VISUAL
1063;61202002;DESENHO DE PRODUTO
1064;61000000;SERVIÇO SOCIAL
1065;61000000;SERVIÇO SOCIAL
1066;61001007;FUNDAMENTOS DO SERVIÇO SOCIAL
1067;61002003;SERVIÇO SOCIAL APLICADO
1068;61002011;SERVIÇO SOCIAL DO TRABALHO
1069;61002020;SERVIÇO SOCIAL DA EDUCAÇÃO
1070;61002038;SERVIÇO SOCIAL DO MENOR
1071;61002046;SERVIÇO SOCIAL DA SAÚDE
1072;61002054;SERVIÇO SOCIAL DA HABITAÇÃO
1073;61100005;ECONOMIA DOMÉSTICA
1074;70000000;CIÊNCIAS HUMANAS
1075;70100004;FILOSOFIA
1076;70101000;HISTÓRIA DA FILOSOFIA
1077;70102007;METAFÍSICA
1078;70103003;LÓGICA
1079;70104000;ÉTICA
1080;70105006;EPISTEMOLOGIA
1081;70106002;FILOSOFIA BRASILEIRA
1082;71000003;TEOLOGIA
1083;71001000;HISTÓRIA DA TEOLOGIA
1084;71002006;TEOLOGIA MORAL
1085;71003002;TEOLOGIA SISTEMÁTICA
1086;71004009;TEOLOGIA PASTORAL
1087;70200009;SOCIOLOGIA
1088;70201005;FUNDAMENTOS DA SOCIOLOGIA
1089;70201013;TEORIA SOCIOLÓGICA
1090;70201021;HISTÓRIA DA SOCIOLOGIA
1091;70202001;SOCIOLOGIA DO CONHECIMENTO
1092;70203008;SOCIOLOGIA DO DESENVOLVIMENTO
1093;70204004;SOCIOLOGIA URBANA
1094;70205000;SOCIOLOGIA RURAL
1095;70206007;SOCIOLOGIA DA SAÚDE
1096;70207003;OUTRAS SOCIOLOGIAS ESPECÍFICAS
1097;70300003;ANTROPOLOGIA
1098;70301000;TEORIA ANTROPOLÓGICA
1099;70302006;ETNOLOGIA INDÍGENA
1100;70303002;ANTROPOLOGIA URBANA
1101;70304009;ANTROPOLOGIA RURAL
1102;70305005;ANTROPOLOGIA DAS POPULAÇÕES AFRO-BRASILEIRAS
1103;70400008;ARQUEOLOGIA
1104;70401004;TEORIA E MÉTODO EM ARQUEOLOGIA
1105;70402000;ARQUEOLOGIA PRÉ-HISTÓRICA
1106;70403007;ARQUEOLOGIA HISTÓRICA
1107;70500002;HISTÓRIA
1108;70501009;TEORIA E FILOSOFIA DA HISTÓRIA
1109;70502005;HISTÓRIA ANTIGA E MEDIEVAL
1110;70503001;HISTÓRIA MODERNA E CONTEMPORÂNEA
1111;70504008;HISTÓRIA DA AMÉRICA
1112;70504016;HISTÓRIA DOS ESTADOS UNIDOS
1113;70504024;HISTÓRIA LATINO-AMERICANA
1114;70505004;HISTÓRIA DO BRASIL
1115;70505012;HISTÓRIA DO BRASIL COLÔNIA
1116;70505020;HISTÓRIA DO BRASIL IMPÉRIO
1117;70505039;HISTÓRIA DO BRASIL REPÚBLICA
1118;70505047;HISTÓRIA REGIONAL DO BRASIL
1119;70506000;HISTÓRIA DAS CIÊNCIAS
1120;70600007;GEOGRAFIA
1121;70601003;GEOGRAFIA HUMANA
1122;70601011;GEOGRAFIA DA POPULAÇÃO
1123;70601020;GEOGRAFIA AGRÁRIA
1124;70601038;GEOGRAFIA URBANA
1125;70601046;GEOGRAFIA ECONÔMICA
1126;70601054;GEOGRAFIA POLÍTICA
1127;70602000;GEOGRAFIA REGIONAL
1128;70602018;TEORIA DO DESENVOLVIMENTO REGIONAL
1129;70602026;REGIONALIZAÇÃO
1130;70602034;ANÁLISE REGIONAL
1131;70700001;PSICOLOGIA
1132;70701008;FUNDAMENTOS E MEDIDAS DA PSICOLOGIA
1133;70701016;HISTÓRIA, TEORIAS E SISTEMAS EM PSICOLOGIA
1134;70701024;METODOLOGIA, INSTRUMENTAÇÃO E EQUIPAMENTO EM PSICOLOGIA
1135;70701032;CONSTRUÇÃO E VALIDADE DE TESTES, ESC. E O. MEDIDAS PSICOLÓG.
1136;70701040;TÉCN. DE PROCES. ESTÁT., MATEMÁTICO E COMPUT. EM PSICOLOGIA
1137;70702004;PSICOLOGIA EXPERIMENTAL
1138;70702012;PROCESSOS PERCEPTUAIS E MOTORES
1139;70702020;PROCESSOS DE APRENDIZAGEM, MEMÓRIA E MOTIVAÇÃO
1140;70702039;PROCESSOS COGNITIVOS E ATENCIONAIS
1141;70702047;ESTADOS SUBJETIVOS E EMOÇÃO
1142;70703000;PSICOLOGIA FISIOLÓGICA
1143;70703019;NEUROLOGIA, ELETROFISIOLOGIA E COMPORTAMENTO
1144;70703027;PROCESSOS PSICO-FISIOLÓGICOS
1145;70703035;ESTIMULAÇÃO ELÉTRICA E COM DROGASCOMPORTAMENTO
1146;70703043;PSICOBIOLOGIA
1147;70704007;PSICOLOGIA COMPARATIVA
1148;70704015;ESTUDOS NATURALÍSTICOS DO COMPORTAMENTO ANIMAL
1149;70704023;MECANISMOS INSTINTIVOS E PROCESSOS SOCIAIS EM ANIMAIS
1150;70705003;PSICOLOGIA SOCIAL
1151;70705011;RELAÇÕES INTERPESSOAIS
1152;70705020;PROCESSOS GRUPAIS E DE COMUNICAÇÃO
1153;70705038;PAPEIS E ESTRUTURAS SOCIAISINDIVÍDUO
1154;70706000;PSICOLOGIA COGNITIVA
1155;70707006;PSICOLOGIA DO DESENVOLVIMENTO HUMANO
1156;70707014;PROCESSOS PERCEPTUAIS E COGNITIVOSDESENVOLVIMENTO
1157;70707022;DESENVOLVIMENTO SOCIAL E DA PERSONALIDADE
1158;70708002;PSICOLOGIA DO ENSINO E DA APRENDIZAGEM
1159;70708010;PLANEJAMENTO INSTITUCIONAL
1160;70708029;PROGRAMAÇÃO DE CONDIÇÕES DE ENSINO
1161;70708037;TREINAMENTO DE PESSOAL
1162;70708045;APRENDIZAGEM E DESEMPENHO ACADÊMICOS
1163;70708053;ENSINO E APRENDIZAGEM NA SALA DE AULA
1164;70709009;PSICOLOGIA DO TRABALHO E ORGANIZACIONAL
1165;70709017;ANÁLISE INSTITUCIONAL
1166;70709025;RECRUTAMENTO E SELEÇÃO DE PESSOAL
1167;70709033;TREINAMENTO E AVALIAÇÃO
1168;70709041;FATORES HUMANOS NO TRABALHO
1169;70709050;PLANEJAMENTO AMBIENTAL E COMPORTAMENTO HUMANO
1170;70710007;TRATAMENTO E PREVENÇÃO PSICOLÓGICA
1171;70710015;INTERVENÇÃO TERAPÊUTICA
1172;70710023;PROGRAMAS DE ATENDIMENTO COMUNITÁRIO
1173;70710031;TREINAMENTO E REABILITAÇÃO
1174;70710040;DESVIOS DA CONDUTA
1175;70710058;DISTÚRBIOS DA LINGUAGEM
1176;70710066;DISTÚRBIOS PSICOSSOMÁTICOS
1177;70800006;EDUCAÇÃO
1178;70801002;FUNDAMENTOS DA EDUCAÇÃO
1179;70801010;FILOSOFIA DA EDUCAÇÃO
1180;70801029;HISTÓRIA DA EDUCAÇÃO
1181;70801037;SOCIOLOGIA DA EDUCAÇÃO
1182;70801045;ANTROPOLOGIA EDUCACIONAL
1183;70801053;ECONOMIA DA EDUCAÇÃO
1184;70801061;PSICOLOGIA EDUCACIONAL
1185;70802009;ADMINISTRAÇÃO EDUCACIONAL
1186;70802017;ADMINISTRAÇÃO DE SISTEMAS EDUCACIONAIS
1187;70802025;ADMINISTRAÇÃO DE UNIDADES EDUCATIVAS
1188;70803005;PLANEJAMENTO E AVALIAÇÃO EDUCACIONAL
1189;70803013;POLÍTICA EDUCACIONAL
1190;70803021;PLANEJAMENTO EDUCACIONAL
1191;70803030;AVAL. DE SISTEMAS, INST. PLANOS  E PROGRAMAS EDUCACIONAIS
1192;70804001;ENSINO-APRENDIZAGEM
1193;70804010;TEORIAS DA INSTRUÇÃO
1194;70804028;MÉTODOS E TÉCNICAS DE ENSINO
1195;70804036;TECNOLOGIA EDUCACIONAL
1196;70804044;AVALIAÇÃO DA APRENDIZAGEM
1197;70805008;CURRÍCULO
1198;70805016;TEORIA GERAL DE PLANEJAMENTO E DESENV. CURRICULAR
1199;70805024;CURRÍCULOS ESPECÍFICOS PARA NÍVEIS E TIPOS DE EDUCAÇÃO
1200;70806004;ORIENTAÇÃO E ACONSELHAMENTO
1201;70806012;ORIENTAÇÃO EDUCACIONAL
1202;70806020;ORIENTAÇÃO VOCACIONAL
1203;70807000;TÓPICOS ESPECÍFICOS DE EDUCAÇÃO
1204;70807019;EDUCAÇÃO DE ADULTOS
1205;70807027;EDUCAÇÃO PERMANENTE
1206;70807035;EDUCAÇÃO RURAL
1207;70807043;EDUCAÇÃO EM PERIFERIAS URBANAS
1208;70807051;EDUCAÇÃO ESPECIAL
1209;70807060;EDUCAÇÃO PRÉ-ESCOLAR
1210;70807078;ENSINO PROFISSIONALIZANTE
1211;70900000;CIÊNCIA POLÍTICA
1212;70901007;TEORIA POLÍTICA
1213;70901015;TEORIA POLÍTICA CLÁSSICA
1214;70901023;TEORIA POLÍTICA MEDIEVAL
1215;70901031;TEORIA POLÍTICA MODERNA
1216;70901040;TEORIA POLÍTICA CONTEMPORÂNEA
1217;70902003;ESTADO E GOVERNO
1218;70902011;ESTRUTURA E TRANSFORMAÇÃO DO ESTADO
1219;70902020;SISTEMAS GOVERNAMENTAIS COMPARADOS
1220;70902038;RELAÇÕES INTERGOVERNAMENTAIS
1221;70902046;ESTUDOS DO PODER LOCAL
1222;70902054;INSTITUIÇÕES GOVERNAMENTAIS ESPECÍFICAS
1223;70903000;COMPORTAMENTO POLÍTICO
1224;70903018;ESTUDOS ELEITORAIS E PARTIDOS POLÍTICOS
1225;70903026;ATITUDE E IDEOLOGIAS POLÍTICAS
1226;70903034;CONFLITOS E COALIZÕES POLÍTICAS
1227;70903042;COMPORTAMENTO LEGISLATIVO
1228;70903050;CLASSES SOCIAIS E GRUPOS DE INTERESSE
1229;70904006;POLÍTICAS PÚBLICAS
1230;70904014;ANÁLISE DO PROCESSO DECISÓRIO
1231;70904022;ANÁLISE INSTITUCIONAL
1232;70904030;TÉCNICAS DE ANTECIPAÇÃO
1233;70905002;POLÍTICA INTERNACIONAL
1234;70905010;POLÍTICA EXTERNA DO BRASIL
1235;70905029;ORGANIZAÇÕES INTERNACIONAIS
1236;70905037;INTEGRAÇÃO INTERNACIONAL, CONFLITO, GUERRA E PAZ
1237;70905045;RELAÇÕES INTERNACIONAIS, BILATERAIS E MULTILATERAIS
1238;80000002;LINGUÍSTICA, LETRAS E ARTES
1239;80100007;LINGUÍSTICA
1240;80101003;TEORIA E ANÁLISE LINGUÍSTICA
1241;80102000;FISIOLOGIA DA LINGUAGEM
1242;80103006;LINGÜÍSTICA HISTÓRICA
1243;80104002;SOCIOLINGUÍSTICA E DIALETOLOGIA
1244;80105009;PSICOLINGUÍSTICA
1245;80106005;LINGUÍSTICA APLICADA
1246;80200001;LETRAS
1247;80201008;LÍNGUA PORTUGUESA
1248;80202004;LÍNGUAS ESTRANGEIRAS MODERNAS
1249;80203000;LÍNGUAS CLÁSSICAS
1250;80204007;LÍNGUAS INDÍGENAS
1251;80205003;TEORIA LITERARIA
1252;80206000;LITERATURA BRASILEIRA
1253;80207006;OUTRAS LITERATURAS VERNÁCULAS
1254;80208002;LITERATURAS ESTRANGEIRAS MODERNAS
1255;80209009;LITERATURAS CLÁSSICAS
1256;80210007;LITERATURA COMPARADA
1257;80300006;ARTES
1258;80301002;FUNDAMENTOS E CRÍTICA DAS ARTES
1259;80301010;TEORIA DA ARTE
1260;80301029;HISTÓRIA DA ARTE
1261;80301037;CRÍTICA DA ARTE
1262;80302009;ARTES PLÁSTICAS
1263;80302017;PINTURA
1264;80302025;DESENHO
1265;80302033;GRAVURA
1266;80302041;ESCULTURA
1267;80302050;CERÂMICA
1268;80302068;TECELAGEM
1269;80303005;MÚSICA
1270;80303013;REGÊNCIA
1271;80303021;INSTRUMENTAÇÃO MUSICAL
1272;80303030;COMPOSIÇÃO MUSICAL
1273;80303048;CANTO
1274;80304001;DANÇA
1275;80304010;EXECUÇÃO DA DANÇA
1276;80304028;COREOGRAFIA
1277;80305008;TEATRO
1278;80305016;DRAMATURGIA
1279;80305024;DIREÇÃO TEATRAL
1280;80305032;CENOGRAFIA
1281;80305040;INTERPRETAÇÃO TEATRAL
1282;80306004;ÓPERA
1283;80307000;FOTOGRAFIA
1284;80308007;CINEMA
1285;80308015;ADMINISTRAÇÃO E PRODUÇÃO DE FILMES
1286;80308023;ROTEIRO E DIREÇÃO CINEMATOGRÁFICOS
1287;80308031;TÉCNICAS DE REGISTROS E PROCESSAMENTO DE FILMES
1288;80308040;INTERPRETAÇÃO CINEMATOGRÁFICA
1289;80309003;ARTES DO VÍDEO
1290;80310001;EDUCAÇÃO ARTÍSTICA
1291;90000005;MULTIDISCIPLINAR
1292;90100000;INTERDISCIPLINAR
1293;90191000;MEIO AMBIENTE E AGRÁRIAS
1294;90192000;SOCIAIS E HUMANIDADES
1295;90193000;ENGENHARIA/TECNOLOGIA/GESTÃO
1296;90194000;SAÚDE E BIOLÓGICAS
1297;90200000;ENSINO
1298;90201000;ENSINO DE CIÊNCIAS E MATEMÁTICA
1299;90300009;MATERIAIS
1300;90400003;BIOTECNOLOGIA
1301;90500008;CIÊNCIAS AMBIENTAIS
